state,year,12_17,18_25,26_plus,se_12_17,se_18_25,se_26_plus,rml
Alabama,2007,14.93,52.05,41.04,1.1607142857142858,10.994897959183673,1.8852040816326532,never
Alaska,2007,15,61.2,58.84,1.1530612244897953,13.323979591836734,1.9897959183673462,before
Arizona,2007,16.48,58.62,55.52,1.2474489795918369,12.326530612244898,1.9464285714285703,never
Arkansas,2007,17.03,54.85,45.26,1.198979591836735,11.198979591836734,2.025510204081632,never
California,2007,15.53,58.58,52.83,0.6683673469387758,11.836734693877553,1.0918367346938778,before
Colorado,2007,17.9,69.41,63.57,1.2372448979591841,14.596938775510203,1.8647959183673475,before
Connecticut,2007,19.6,71.91,66.21,1.3137755102040822,14.880102040816329,1.8979591836734688,never
Delaware,2007,15.66,65.46,57.13,1.1709183673469388,14.188775510204083,2.0535714285714297,never
Florida,2007,16.73,59.3,55.85,0.7551020408163268,11.744897959183675,1.1147959183673481,never
Georgia,2007,14.39,53.8,49.61,1.1020408163265307,11.576530612244898,1.9438775510204076,never
Hawaii,2007,13.82,61.05,50.18,1.1989795918367345,13.594387755102042,2.130102040816327,never
Idaho,2007,14.12,52.03,44.83,1.1096938775510203,11.211734693877553,1.9897959183673462,never
Illinois,2007,16.44,65.28,55.55,0.7117346938775508,13.313775510204081,1.1147959183673464,never
Indiana,2007,14.83,60.78,52.96,1.0739795918367345,13.102040816326529,1.9362244897959175,never
Iowa,2007,17.11,65.85,54.9,1.1887755102040813,13.880102040816327,1.9081632653061218,never
Kansas,2007,18.07,66.45,54.56,1.267857142857143,13.908163265306122,1.9974489795918382,never
Kentucky,2007,15.98,57.81,42.01,1.1658163265306118,12.170918367346939,1.931122448979592,never
Louisiana,2007,16.81,60.05,52.77,1.2321428571428572,12.584183673469388,2.035714285714287,never
Maine,2007,17.74,66.44,55.52,1.2653061224489799,13.915816326530612,2.038265306122448,before
Maryland,2007,15.65,65.89,57.22,1.130102040816326,14.278061224489797,1.9005102040816315,never
Massachusetts,2007,18.53,72.03,63.54,1.3367346938775506,15.145408163265307,1.895408163265308,before
Michigan,2007,16.15,67.68,58.7,0.7142857142857145,13.984693877551022,1.0433673469387745,never
Minnesota,2007,17.23,72.94,64.33,1.2984693877551026,15.67857142857143,2.002551020408162,never
Mississippi,2007,12.27,47.87,38.53,1.0306122448979589,10.584183673469388,1.9005102040816335,never
Missouri,2007,16.28,63.43,52.67,1.2244897959183672,13.497448979591836,1.9591836734693877,never
Montana,2007,18.81,68.17,57.92,1.2474489795918369,14.051020408163264,1.8673469387755104,never
Nebraska,2007,18.03,68.37,55.06,1.209183673469388,14.316326530612246,2.058673469387755,never
Nevada,2007,14.87,59.68,55.57,1.2117346938775506,12.989795918367347,2.2142857142857144,before
New Hampshire,2007,18.12,73.6,65.73,1.2219387755102042,15.543367346938776,1.8750000000000004,never
New Jersey,2007,18.07,65.5,58.34,1.285714285714286,13.658163265306124,1.9719387755102034,never
New Mexico,2007,16.82,58.88,45.7,1.2704081632653061,12.321428571428571,2.1173469387755115,never
New York,2007,19.05,65.18,58.05,0.8265306122448975,12.698979591836736,1.1556122448979578,never
North Carolina,2007,13.98,53.4,44.05,1.0535714285714293,11.528061224489795,2.0306122448979593,never
North Dakota,2007,21.03,75.74,62.2,1.3979591836734686,15.41581632653061,2.094387755102041,never
Ohio,2007,18.01,65.98,53.16,0.7168367346938781,13.063775510204081,1.0765306122448977,never
Oklahoma,2007,14.35,55.33,43.96,1.2142857142857142,12.09438775510204,2.112244897959184,never
Oregon,2007,17.36,61.71,59.44,1.2780612244897964,12.85204081632653,1.8673469387755104,before
Pennsylvania,2007,16.28,63.28,55.53,0.6887755102040819,12.821428571428573,1.063775510204082,never
Rhode Island,2007,21.62,75.02,66,1.403061224489796,15.127551020408163,1.8647959183673475,never
South Carolina,2007,14.46,57.99,49.19,1.11734693877551,12.609693877551022,1.920918367346939,never
South Dakota,2007,18.74,72.44,60.23,1.2984693877551021,15.17091836734694,1.9260204081632664,never
Tennessee,2007,13.43,52.18,41.71,1.086734693877551,11.403061224489797,1.9897959183673462,never
Texas,2007,14.78,57.75,50.54,0.6887755102040815,11.826530612244898,1.0867346938775524,never
Utah,2007,9.85,35.62,33.22,1.086734693877551,8.11734693877551,1.9872448979591826,never
Vermont,2007,21.17,71.44,62.92,1.4209183673469388,14.339285714285717,1.9948979591836735,never
Virginia,2007,15.89,65.06,55.57,1.1505102040816326,13.997448979591836,1.9693877551020407,never
Washington,2007,17.87,65.31,57.34,1.275510204081633,13.573979591836736,1.9795918367346934,before
West Virginia,2007,15.16,54.36,36.85,1.1479591836734695,11.510204081632654,1.8954081632653061,never
Wisconsin,2007,19.52,72.6,65.14,1.3010204081632657,14.964285714285714,1.8622448979591848,never
Wyoming,2007,20.36,70.96,58.27,1.331632653061225,14.390306122448983,1.9897959183673462,never
Alabama,2008,13.01,52.32,41.88,1.0969387755102042,11.520408163265307,1.9413265306122447,never
Alaska,2008,14.26,61.68,59.72,1.181122448979592,13.729591836734695,2.0637755102040827,before
Arizona,2008,16.01,60.4,56.47,1.3163265306122454,13.012755102040815,2.033163265306122,never
Arkansas,2008,14.74,53.83,45.02,1.099489795918367,11.50765306122449,1.9413265306122447,never
California,2008,14.81,57.78,53.19,0.6811224489795918,11.834183673469388,1.117346938775509,before
Colorado,2008,18.96,71.26,65.97,1.3290816326530615,14.872448979591839,1.82908163265306,before
Connecticut,2008,18.31,69.4,65.1,1.3443877551020407,14.551020408163266,1.8392857142857164,never
Delaware,2008,15.41,67.25,58.27,1.191326530612245,14.691326530612246,2.020408163265307,never
Florida,2008,16.13,58.33,55.93,0.7372448979591834,11.683673469387754,1.1224489795918364,never
Georgia,2008,13,54.33,51.79,1.125,12.08673469387755,2.0382653061224496,never
Hawaii,2008,12.66,58.51,50.76,1.1581632653061222,13.301020408163266,2.142857142857144,never
Idaho,2008,12.18,51.23,45.23,1.0535714285714288,11.454081632653061,1.9030612244897962,never
Illinois,2008,15.87,64.7,58.11,0.6862244897959187,13.339285714285714,1.0867346938775506,never
Indiana,2008,15.67,58.22,52.28,1.125,12.329081632653061,1.9438775510204076,never
Iowa,2008,15.33,66.39,56.78,1.112244897959184,14.49234693877551,1.9464285714285703,never
Kansas,2008,15.44,65.97,53.25,1.2525510204081634,14.466836734693876,2.068877551020408,never
Kentucky,2008,13.77,53.42,41.52,1.1454081632653066,11.678571428571429,1.9897959183673462,never
Louisiana,2008,15.4,60.2,49.93,1.2295918367346934,12.956632653061224,2.025510204081632,never
Maine,2008,16.26,63.83,55.02,1.2270408163265303,13.66326530612245,2.020408163265307,before
Maryland,2008,14.39,65.59,58.68,1.127551020408163,14.5,2.0637755102040827,never
Massachusetts,2008,18.11,71,64.49,1.323979591836735,15.05357142857143,1.9668367346938778,before
Michigan,2008,15.64,66.32,57.93,0.701530612244898,13.770408163265305,1.0892857142857133,never
Minnesota,2008,16.99,73.34,66.76,1.2984693877551026,15.86734693877551,1.9668367346938778,never
Mississippi,2008,11.85,48.56,39.88,0.9846938775510203,10.849489795918368,1.9923469387755108,never
Missouri,2008,14.9,62.25,52.93,1.1658163265306118,13.543367346938775,1.9413265306122447,never
Montana,2008,18.74,67.8,61.16,1.2959183673469392,14.056122448979595,2.015306122448981,never
Nebraska,2008,16.26,66.78,58.98,1.206632653061225,14.446428571428571,1.9974489795918382,never
Nevada,2008,14.33,58.64,55.76,1.209183673469388,12.92091836734694,2.158163265306123,before
New Hampshire,2008,18.32,74.72,66.96,1.3086734693877549,15.854591836734695,1.8239795918367343,never
New Jersey,2008,15.09,63.49,57.45,1.135204081632653,13.84438775510204,2.1071428571428568,never
New Mexico,2008,15.27,58.27,47.76,1.1760204081632657,12.520408163265305,2.0714285714285707,never
New York,2008,17.43,65.58,58.18,0.7525510204081631,13.20408163265306,1.1428571428571421,never
North Carolina,2008,14.11,57.49,47.4,1.0841836734693882,12.561224489795919,2.1071428571428568,never
North Dakota,2008,20.21,75.63,60.75,1.3392857142857144,15.609693877551022,1.984693877551019,never
Ohio,2008,16.25,64.48,53.61,0.6862244897959187,13.155612244897958,1.081632653061225,never
Oklahoma,2008,13.13,56.89,42.97,1.173469387755102,12.798469387755103,1.982142857142856,never
Oregon,2008,16.57,65.17,63.13,1.229591836734694,13.877551020408164,1.9770408163265307,before
Pennsylvania,2008,15.1,65.6,56.78,0.7066326530612244,13.737244897959187,1.0612244897959193,never
Rhode Island,2008,20.73,74.59,64.13,1.4668367346938775,15.334183673469388,1.9540816326530621,never
South Carolina,2008,13.36,53.47,49.88,1.0994897959183676,11.785714285714285,1.8647959183673475,never
South Dakota,2008,17.28,71.42,59.97,1.2423469387755104,15.283163265306122,1.9438775510204076,never
Tennessee,2008,12.33,53.77,41.77,1.0943877551020411,12.048469387755102,1.9693877551020407,never
Texas,2008,14.14,57.48,49.94,0.6632653061224489,11.928571428571429,1.0714285714285703,never
Utah,2008,7.57,30.37,30.62,0.9540816326530613,7.385204081632653,1.9515306122448977,never
Vermont,2008,20.31,73.95,63.32,1.3469387755102036,15.188775510204083,1.9974489795918364,never
Virginia,2008,14.77,64.38,56.61,1.1275510204081638,14.19642857142857,1.9591836734693877,never
Washington,2008,15.8,62.96,60.66,1.2193877551020407,13.525510204081632,1.9362244897959193,before
West Virginia,2008,13.92,52.96,38.78,1.1198979591836742,11.492346938775512,1.877551020408165,never
Wisconsin,2008,18.71,71.34,63.91,1.3826530612244903,14.903061224489795,1.895408163265308,never
Wyoming,2008,17.86,64.44,55.76,1.2704081632653061,13.423469387755103,2.017857142857142,never
Alabama,2009,12.72,54.51,44.84,1.0714285714285716,12.142857142857142,1.9336734693877546,never
Alaska,2009,14.23,60.34,59.28,1.2576530612244903,13.392857142857142,1.9515306122448977,before
Arizona,2009,14.72,59.45,54.73,1.3010204081632653,13.051020408163264,1.9821428571428579,never
Arkansas,2009,15.44,55.93,44.78,1.2372448979591837,11.933673469387756,1.9821428571428579,never
California,2009,14.05,59.71,54.02,0.6938775510204084,12.581632653061225,1.1326530612244892,before
Colorado,2009,20.27,69.55,66.01,1.5204081632653064,14.255102040816325,1.9030612244897962,before
Connecticut,2009,18.63,67.78,63.07,1.4795918367346936,14.191326530612246,1.9387755102040838,never
Delaware,2009,16.29,68.56,59.19,1.3265306122448979,14.85969387755102,2.1071428571428568,never
Florida,2009,15.29,56.8,54.64,0.7627551020408164,11.556122448979592,1.1224489795918364,never
Georgia,2009,13.52,58.2,52.32,1.1632653061224492,12.979591836734695,2.0051020408163263,never
Hawaii,2009,11.61,57.1,50.96,1.204081632653061,13.293367346938776,2.035714285714285,never
Idaho,2009,13.01,52.41,49.11,1.1836734693877553,11.622448979591837,1.8622448979591848,never
Illinois,2009,15.05,64.87,57.53,0.7168367346938781,13.622448979591836,1.1020408163265307,never
Indiana,2009,14.48,57.96,50.69,1.2040816326530615,12.683673469387754,1.8954081632653061,never
Iowa,2009,17.29,69.21,59.35,1.3341836734693875,14.775510204081634,1.8545918367346947,never
Kansas,2009,15.91,66.39,56.66,1.2806122448979587,14.451530612244897,2.0280612244897966,never
Kentucky,2009,12.24,50.58,40.08,1.0892857142857142,11.301020408163264,1.8545918367346947,never
Louisiana,2009,15.29,61.65,50.3,1.2780612244897964,13.352040816326532,1.9591836734693877,never
Maine,2009,14.38,65.64,58.12,1.1785714285714288,14.576530612244898,1.9821428571428579,before
Maryland,2009,13.29,60.82,58.03,1.2397959183673468,13.744897959183676,2.102040816326531,never
Massachusetts,2009,16.69,72.45,64.92,1.3545918367346945,15.755102040816325,1.8801020408163278,before
Michigan,2009,14.56,63.64,58.38,0.6913265306122451,13.400510204081634,1.081632653061225,never
Minnesota,2009,14.56,68.33,65.58,1.2525510204081638,15.24234693877551,1.920918367346939,never
Mississippi,2009,12.74,52.89,41.92,1.1326530612244896,11.74234693877551,1.887755102040816,never
Missouri,2009,13.76,60.99,52.75,1.1352040816326534,13.576530612244898,1.982142857142856,never
Montana,2009,21.46,68.93,61.81,1.489795918367347,13.721938775510203,2.017857142857142,never
Nebraska,2009,13.79,65.31,56.73,1.1887755102040813,14.66326530612245,2.033163265306122,never
Nevada,2009,15.15,60.35,58.62,1.2219387755102038,13.135204081632656,2.2117346938775513,before
New Hampshire,2009,17.62,75.12,67.88,1.3035714285714284,16.163265306122447,1.8775510204081631,never
New Jersey,2009,15.12,64.93,57.49,1.2015306122448977,14.188775510204083,2.216836734693877,never
New Mexico,2009,15.64,57.06,50.09,1.3239795918367345,12.196428571428573,2.0459183673469394,never
New York,2009,16.78,66.34,58.55,0.7882653061224489,13.604591836734693,1.160714285714287,never
North Carolina,2009,12.75,58.46,49.99,1.1147959183673468,13.150510204081634,1.9515306122448994,never
North Dakota,2009,18.91,71.74,59.45,1.403061224489796,15,1.992346938775509,never
Ohio,2009,14.91,65.39,54.01,0.6709183673469385,13.757653061224488,1.1479591836734695,never
Oklahoma,2009,13.86,59.09,47.36,1.3418367346938775,13.196428571428573,2.104591836734694,never
Oregon,2009,17.74,66.78,63.65,1.3163265306122445,14.0484693877551,1.9617346938775504,before
Pennsylvania,2009,14.98,68.45,58.1,0.7040816326530612,14.52295918367347,1.1096938775510208,never
Rhode Island,2009,18.19,71.13,62.89,1.4260204081632648,15.124999999999998,2.0025510204081636,never
South Carolina,2009,12.38,53.45,48.9,1.0969387755102038,11.994897959183673,2.0204081632653046,never
South Dakota,2009,15.62,70.76,60.99,1.2678571428571426,15.543367346938778,1.9362244897959175,never
Tennessee,2009,11.32,53.36,42.82,1.0331632653061227,12.158163265306122,2.058673469387755,never
Texas,2009,14.1,58.42,51.62,0.7142857142857145,12.23469387755102,1.1173469387755108,never
Utah,2009,6.87,31.96,30.67,0.8903061224489797,7.938775510204083,1.8137755102040825,never
Vermont,2009,18.28,73.67,62.74,1.4234693877551017,15.650510204081636,2.0127551020408148,never
Virginia,2009,12.93,60.21,53.81,1.1020408163265307,13.551020408163264,2.025510204081632,never
Washington,2009,13.94,60.77,60.44,1.1836734693877558,13.448979591836734,1.8775510204081631,before
West Virginia,2009,13.2,53.52,38.61,1.1122448979591835,11.846938775510203,2.025510204081632,never
Wisconsin,2009,18.6,71.8,65.37,1.3979591836734695,15.071428571428571,1.9285714285714273,never
Wyoming,2009,17.22,62.29,57.27,1.3035714285714284,13.045918367346937,2.0561224489795924,never
Alabama,2010,5.75,13.9,3.3,0.7168367346938774,3.193877551020408,0.528061224489796,never
Alaska,2010,8.64,24.46,9.82,1.0561224489795917,5.464285714285714,1.2627551020408163,before
Arizona,2010,7.58,15.95,4.78,0.933673469387755,3.3698979591836737,0.7729591836734693,never
Arkansas,2010,6.38,13.88,3.96,0.8494897959183674,3.0306122448979593,0.6071428571428572,never
California,2010,8.6,19.94,5.96,0.5663265306122448,3.655612244897959,0.47959183673469385,before
Colorado,2010,9.91,26.35,8.86,1.1301020408163265,5.653061224489796,1.0816326530612244,before
Connecticut,2010,8.86,23.56,4.96,0.9846938775510206,5.137755102040817,0.7806122448979592,never
Delaware,2010,8.49,21.05,4.48,0.9872448979591839,4.543367346938776,0.7091836734693878,never
Florida,2010,6.92,17.22,4.33,0.4948979591836736,3.329081632653061,0.39285714285714285,never
Georgia,2010,6.42,14.91,3.73,0.7857142857142859,3.2780612244897953,0.6045918367346939,never
Hawaii,2010,7.9,19.89,5.97,0.9974489795918368,4.51530612244898,0.9005102040816325,never
Idaho,2010,7.63,16.49,5.56,0.8673469387755103,3.4209183673469394,0.8239795918367346,never
Illinois,2010,7.53,18.79,4.15,0.5204081632653059,3.568877551020408,0.354591836734694,never
Indiana,2010,6.68,17.5,4.05,0.7831632653061228,3.941326530612246,0.5943877551020409,never
Iowa,2010,6.94,14.27,2.99,0.8494897959183672,3.0178571428571423,0.5025510204081632,never
Kansas,2010,6.42,14.07,3.52,0.8061224489795918,3.0739795918367347,0.5612244897959184,never
Kentucky,2010,5.44,14.26,2.93,0.739795918367347,3.329081632653061,0.48724489795918374,never
Louisiana,2010,5.28,15.76,3.17,0.6938775510204082,3.7346938775510203,0.5382653061224489,never
Maine,2010,8.94,27.34,7.36,0.9668367346938775,6.102040816326531,0.99234693877551,before
Maryland,2010,7.07,19.01,3.81,0.9005102040816325,4.364795918367347,0.6275510204081634,never
Massachusetts,2010,10.27,27.98,6.92,1.0331632653061227,5.928571428571429,0.8188775510204079,before
Michigan,2010,8.09,20.06,6.47,0.530612244897959,3.767857142857143,0.5,never
Minnesota,2010,6.09,16.76,4.05,0.7602040816326532,3.8392857142857144,0.614795918367347,never
Mississippi,2010,5.22,12.57,3.15,0.6862244897959184,2.8801020408163263,0.5280612244897959,never
Missouri,2010,6.42,17.44,4.18,0.7857142857142859,3.982142857142857,0.6505102040816326,never
Montana,2010,9.61,22.71,6.84,1.0153061224489794,4.660714285714286,0.8877551020408162,never
Nebraska,2010,6.3,15.44,3.98,0.7933673469387754,3.466836734693878,0.5994897959183674,never
Nevada,2010,7.61,18.16,5.22,0.9209183673469387,3.9081632653061225,0.7678571428571428,before
New Hampshire,2010,11.51,28.29,6.88,1.211734693877551,5.744897959183675,0.9795918367346941,never
New Jersey,2010,7.21,17.95,3.58,0.8545918367346941,3.9923469387755097,0.5433673469387755,never
New Mexico,2010,9.34,19.25,5.41,1.0382653061224492,3.834183673469388,0.8035714285714287,never
New York,2010,8.58,21.46,5.22,0.556122448979592,4.045918367346939,0.4438775510204082,never
North Carolina,2010,7.1,19.72,4.96,0.8010204081632653,4.405612244897959,0.7270408163265306,never
North Dakota,2010,4.4,9.98,2.71,0.6556122448979592,2.344387755102041,0.461734693877551,never
Ohio,2010,7.61,18.34,3.81,0.4948979591836736,3.4056122448979598,0.3469387755102041,never
Oklahoma,2010,7.17,17.36,4.94,0.8877551020408162,3.9005102040816326,0.7857142857142857,never
Oregon,2010,9.46,23.88,8.11,0.9821428571428573,5.025510204081632,1.0204081632653061,before
Pennsylvania,2010,7.4,19.18,3.88,0.5433673469387753,3.7627551020408165,0.3698979591836734,never
Rhode Island,2010,9.63,29.83,7.34,1.066326530612245,6.668367346938775,0.961734693877551,never
South Carolina,2010,5.74,17.59,4.1,0.7525510204081631,4.221938775510203,0.635204081632653,never
South Dakota,2010,5.51,13.31,3.32,0.7372448979591836,3.0994897959183674,0.5688775510204083,never
Tennessee,2010,5.34,14.17,3.09,0.6581632653061222,3.306122448979591,0.5,never
Texas,2010,6.49,14.74,3.46,0.47704081632653067,2.7653061224489797,0.33418367346938765,never
Utah,2010,3.68,7.74,1.9,0.6275510204081631,1.9183673469387754,0.375,never
Vermont,2010,10.65,32.01,8.15,1.1377551020408165,6.948979591836736,1.0229591836734695,never
Virginia,2010,6.74,17.4,3.73,0.7627551020408164,3.8520408163265305,0.5688775510204082,never
Washington,2010,8.01,22.74,6.69,0.8673469387755101,5.056122448979592,0.8367346938775508,before
West Virginia,2010,6.14,18.89,4.03,0.7831632653061223,4.448979591836734,0.635204081632653,never
Wisconsin,2010,6.87,15.81,3.76,0.798469387755102,3.4260204081632653,0.596938775510204,never
Wyoming,2010,7.07,15.26,3.35,0.8698979591836737,3.229591836734694,0.5790816326530612,never
Alabama,2011,11.65014033,51.28657889,45.639200689999996,1.030304242346939,1.9499941377551024,1.997330224489796,never
Alaska,2011,12.4183553,60.75905533,58.220885,1.181812339285714,2.174756709183677,2.1618415382653056,before
Arizona,2011,12.715113650000001,55.41657595,52.20501797,1.2034474846938772,2.163982168367344,2.2615399056122456,never
Arkansas,2011,12.980439169999999,50.06374037,42.79596931,1.1746009336734695,1.9880498494897971,2.0780295816326526,never
California,2011,13.66535813,59.27530659,52.903747759999995,0.7110141020408163,1.1621162780612235,1.149567081632651,before
Colorado,2011,15.482059240000002,70.38684304,65.41820713,1.3958159974489792,1.915173999999997,1.9582179132653057,before
Connecticut,2011,16.79706591,70.93151467,65.30835207999999,1.3962824591836738,1.9247705076530617,1.9643056479591825,never
Delaware,2011,14.59975372,66.66827907,57.45215358,1.2718932142857144,1.8680997678571456,2.08113725255102,never
Florida,2011,12.61837398,57.641083429999995,54.02667122,0.6299152857142852,1.1510634948979608,1.1191365892857157,never
Georgia,2011,11.71382976,53.85683088,49.89441145,1.091103494897959,1.9786066938775506,1.9863108903061208,never
Hawaii,2011,14.21877252,61.85017653,49.76357787,1.4472354770408162,2.0528315178571424,2.093995591836735,never
Idaho,2011,12.13932791,50.655446749999996,53.96920461,1.123092357142857,2.055229716836734,2.1003616301020394,never
Illinois,2011,13.3334857,65.0527343,58.69625544,0.7043003775510205,1.0908606989795917,1.1514352219387758,never
Indiana,2011,11.56050943,61.047632009999994,54.30659516,1.0911230637755105,1.9912152525510225,2.0909453622448977,never
Iowa,2011,15.787718410000002,66.73283168,56.432090040000006,1.2378845153061226,1.9244151377550995,2.036582604591838,never
Kansas,2011,13.263440809999999,61.83434366,54.762328839999995,1.2136227040816325,1.9904512142857143,2.0425596785714286,never
Kentucky,2011,12.796520319999999,51.026992459999995,42.24053336,1.2089526173469387,2.1145259515306116,2.0294796964285724,never
Louisiana,2011,14.09633569,58.213197029999996,49.512290799999995,1.118068045918367,1.8440615841836714,1.90601025255102,never
Maine,2011,12.42456836,62.6835382,58.00702156999999,1.152268589285714,1.933239318877553,2.078184653061223,before
Maryland,2011,12.59439064,64.12159026,58.57481333,1.1380472729591835,2.0318008571428585,2.09968899489796,never
Massachusetts,2011,15.79545148,70.5596306,67.05714834999999,1.252184492346939,1.8951870510204079,1.8852720663265294,before
Michigan,2011,12.733118020000001,62.979765629999996,57.15038833,0.6403835739795917,1.0629435306122428,1.1071191887755085,never
Minnesota,2011,13.142046030000001,67.51874667999999,63.74794987,1.178623905612245,1.9354056249999976,1.9344948061224478,never
Mississippi,2011,11.86178003,51.804160519999996,42.195886370000004,1.0557301683673472,2.0079670561224483,1.89912312244898,never
Missouri,2011,14.95723134,60.800465179999996,52.35973384,1.2077159336734693,1.8807852500000004,1.9839923724489805,never
Montana,2011,17.16840002,68.38499144,63.629400999999994,1.3154466581632651,1.7631196836734724,1.8968618163265272,never
Nebraska,2011,12.837362820000001,64.11174903999999,56.43511011,1.1247601428571428,1.8583183316326517,2.066124471938775,never
Nevada,2011,13.07732733,59.08175817,58.21729584999999,1.3240580637755102,2.1970903545918374,2.251009719387755,before
New Hampshire,2011,17.04472088,73.21814971,64.89182686,1.408986655612245,1.7146610918367324,2.0709997857142852,never
New Jersey,2011,16.83788871,64.72464714,60.442584600000004,1.348132946428572,2.057862155612243,2.02836813010204,never
New Mexico,2011,12.65042461,54.27489209,44.73513647,1.1619686020408164,2.079227617346938,2.103512471938776,never
New York,2011,16.59387912,65.53647000000001,57.67476241,0.8139151836734692,1.0867913928571444,1.1598627602040834,never
North Carolina,2011,12.91316549,61.70249155999999,51.49925724,1.1591785918367346,2.006594058673468,2.0713086275510215,never
North Dakota,2011,14.22879613,70.80611343,61.58890232,1.2353589260204079,1.8657842908163278,2.05024888520408,never
Ohio,2011,13.47726312,63.49208543,55.56454369,0.6625732219387757,1.0488592602040825,1.0861608214285716,never
Oklahoma,2011,12.78894824,57.2938987,46.41751782,1.2092212499999997,2.075422479591837,2.0206674489795917,never
Oregon,2011,14.58321949,64.220129,64.4463274,1.2103544285714287,1.8899546887755094,1.9565189770408151,before
Pennsylvania,2011,14.083017880000002,65.08418547,57.736082700000004,0.7363152448979594,1.2204113341836726,1.1260397678571428,never
Rhode Island,2011,15.01335475,71.9388577,65.07522317,1.3215689642857147,1.7944127551020408,2.114864086734693,never
South Carolina,2011,12.269846249999999,57.220791950000006,51.22251309,1.1207330637755102,1.8734338265306103,2.070075255102042,never
South Dakota,2011,16.36261547,67.77895887,58.601758579999995,1.3576336581632658,2.1631560969387746,2.040227716836736,never
Tennessee,2011,11.0390146,52.88924694,43.37035382,1.0042616198979595,2.0416923979591823,2.035946017857144,never
Texas,2011,12.148022529999999,58.45492542,53.36427544,0.6656646913265305,1.1241147653061208,1.150619625000001,never
Utah,2011,7.5674553399999995,31.306977749999998,26.95582213,1.086931823979592,2.127151061224491,1.99611281122449,never
Vermont,2011,17.77674421,73.85368525,62.83772764,1.4284867423469387,1.785410339285712,2.001650584183675,never
Virginia,2011,12.950060660000002,66.55897125,57.56041301,1.1243148698979588,1.8914337984693872,2.09391831632653,never
Washington,2011,13.223139889999999,63.43694664,61.149479559999996,1.1873416760204079,1.9848401096938817,2.023709099489795,before
West Virginia,2011,14.70620397,53.75149066,39.25754922,1.3306000051020408,1.9165148214285732,1.9890022091836737,never
Wisconsin,2011,13.935396789999999,68.91656028999999,67.24586627,1.2840850408163262,1.8705608775510205,2.0462591862244897,never
Wyoming,2011,13.95945241,57.79768826,53.581778840000005,1.246018612244898,2.0631566785714295,2.0750839566326538,never
Alabama,2012,11.36,52.65,45.56,1.0280612244897958,1.9081632653061236,1.8724489795918375,never
Alaska,2012,13.39,59.47,59.28,1.497448979591837,2.079081632653061,2.0459183673469377,before
Arizona,2012,13.07,57.05,54.75,1.2321428571428572,2.0306122448979593,2.1250000000000013,never
Arkansas,2012,12.25,50.71,42.14,1.0918367346938778,1.9846938775510208,2.0943877551020393,never
California,2012,13.08,57.76,52.96,0.7091836734693876,1.0255102040816335,1.1045918367346934,before
Colorado,2012,13.4,68.08,63.22,1.1530612244897958,1.7933673469387759,1.956632653061225,after
Connecticut,2012,17.63,68.86,66.05,1.5076530612244903,1.9030612244897944,1.9285714285714293,never
Delaware,2012,13.87,63.73,55.14,1.2219387755102042,2.030612244897961,2.020408163265307,never
Florida,2012,12.45,59.41,54.97,0.6454081632653059,1.0025510204081631,1.0816326530612232,never
Georgia,2012,10.87,52.73,50.5,1.017857142857143,1.948979591836735,1.9693877551020407,never
Hawaii,2012,12.44,57.12,54.12,1.260204081632653,2.0025510204081636,2.1173469387755115,never
Idaho,2012,11.31,47.76,54.56,1.119897959183673,2.0459183673469377,2.0612244897959178,never
Illinois,2012,13.14,64.08,59.37,0.6377551020408163,0.9846938775510184,1.0892857142857133,never
Indiana,2012,11.28,61.82,54.53,1.086734693877551,1.8954081632653061,2.104591836734694,never
Iowa,2012,14.59,67.11,59.74,1.1632653061224487,1.9030612244897962,2.0994897959183665,never
Kansas,2012,11.69,60.14,54.25,1.073979591836735,1.8724489795918375,2.102040816326531,never
Kentucky,2012,10.88,56.07,46.67,1.025510204081633,1.9285714285714293,1.9872448979591835,never
Louisiana,2012,13.33,59.07,52.57,1.0790816326530615,1.7372448979591844,1.8035714285714286,never
Maine,2012,12.44,62.82,57.18,1.1020408163265307,1.946428571428572,2.1071428571428568,before
Maryland,2012,14.67,66.08,62.16,1.216836734693878,1.852040816326532,1.992346938775509,never
Massachusetts,2012,15.59,69.28,67.96,1.1887755102040813,1.7933673469387759,1.948979591836735,before
Michigan,2012,13.35,62.3,57.42,0.670918367346939,0.9387755102040833,1.066326530612245,never
Minnesota,2012,13.1,64.24,63.19,1.1683673469387756,2.043367346938775,2.015306122448979,never
Mississippi,2012,13.01,54.1,42.62,1.1836734693877553,1.8647959183673457,1.9464285714285703,never
Missouri,2012,12.83,60.57,53.94,1.0790816326530615,1.9183673469387745,2.020408163265307,never
Montana,2012,15.49,69.06,63.79,1.293367346938776,1.7729591836734702,1.887755102040816,never
Nebraska,2012,11.45,63.55,57.33,1.0714285714285716,1.869897959183673,2.028061224489795,never
Nevada,2012,13.61,59.47,56.66,1.4693877551020402,2.13265306122449,2.252551020408165,before
New Hampshire,2012,14.39,73.62,66.82,1.2015306122448977,1.7244897959183687,1.9132653061224472,never
New Jersey,2012,17.47,63.4,60.05,1.4999999999999998,2.063775510204081,2.1530612244897953,never
New Mexico,2012,12.69,55.7,49.82,1.209183673469388,1.9795918367346934,2.0408163265306123,never
New York,2012,16.56,65.17,58.29,0.8112244897959188,1.0102040816326552,1.1556122448979596,never
North Carolina,2012,12.48,60.4,49.72,1.1045918367346939,1.9260204081632646,1.9795918367346934,never
North Dakota,2012,12.78,71.02,61.82,1.278061224489796,1.7474489795918353,1.9617346938775524,never
Ohio,2012,13.62,63.11,55.48,0.6428571428571428,0.9591836734693873,1.0255102040816317,never
Oklahoma,2012,10.68,56.23,49.01,1.0637755102040816,2.0765306122448983,2.0408163265306123,never
Oregon,2012,12.5,61.99,63.89,1.1249999999999996,1.8954081632653044,1.9362244897959175,before
Pennsylvania,2012,13.45,64.28,58.82,0.6811224489795918,1.0688775510204076,1.056122448979592,never
Rhode Island,2012,15.74,73.46,66.8,1.3545918367346936,1.6938775510204083,1.9362244897959175,never
South Carolina,2012,12.18,60.54,53.09,1.1096938775510203,1.869897959183673,2.010204081632652,never
South Dakota,2012,14.13,67.82,60.79,1.2244897959183672,1.9438775510204094,1.8214285714285716,never
Tennessee,2012,10.17,49.74,40.93,0.9974489795918363,1.9719387755102034,1.9668367346938778,never
Texas,2012,11.91,56.57,51.92,0.6224489795918366,1.0076530612244905,1.1122448979591835,never
Utah,2012,7.5,33.42,32.52,1.0153061224489797,2.0637755102040827,1.9515306122448985,never
Vermont,2012,17.25,71.15,60.89,1.5076530612244894,1.7602040816326545,2.0229591836734713,never
Virginia,2012,12.15,63.5,58.84,1.073979591836735,1.9719387755102051,1.9821428571428579,never
Washington,2012,12.92,62.61,59.65,1.1352040816326534,1.7551020408163271,1.9795918367346934,after
West Virginia,2012,13.45,55.99,37.27,1.2882653061224487,1.869897959183673,2.0025510204081636,never
Wisconsin,2012,14.83,69.06,65.23,1.2474489795918369,1.7780612244897993,2.079081632653061,never
Wyoming,2012,14.11,62.04,56.32,1.4132653061224487,2.0586734693877533,1.992346938775509,never
Alabama,2013,11.206064860000001,50.89100693,46.37800353,0.9952141224489796,1.9493814974489794,2.0975350076530632,never
Alaska,2013,10.47163808,56.43598732,58.21090178,1.327663982142857,2.022950742346942,2.094133502551019,before
Arizona,2013,12.90132722,57.65617716,54.97203864,1.122068887755102,2.0610789056122436,2.1202881556122444,never
Arkansas,2013,10.99808313,55.10331852,42.95838534,1.0124717474489802,1.92781337244898,2.0077341020408164,never
California,2013,11.60409787,57.56448002,52.83171965,0.6510585076530614,1.0279691581632646,1.1069349540816296,before
Colorado,2013,13.0968266,68.52189726,65.52007755,1.132313982142858,1.8133546045918363,1.9109476607142843,after
Connecticut,2013,14.17869119,66.54355353,65.45817581,1.365956954081633,1.995030474489796,1.9617068367346941,never
Delaware,2013,11.734975799999999,61.99470291,58.77598623,1.0643689030612244,2.036395780612245,1.9925580331632675,never
Florida,2013,12.786922910000001,58.364751739999996,54.908051889999996,0.6536250000000001,1.0648855204081615,1.0709089158163259,never
Georgia,2013,11.25256381,52.86197397,50.923143780000004,0.9964091734693875,1.9911355816326537,2.2038470357142845,never
Hawaii,2013,11.22365012,57.407825970000005,53.23052852,1.1194644285714288,2.071729566326531,2.057303122448981,never
Idaho,2013,11.26818773,49.53451895,53.22404575,1.0227353979591833,2.0203032984693885,2.0496470025510183,never
Illinois,2013,12.3742386,63.90124101,59.522370710000004,0.601910785714286,0.9971275561224499,1.038600204081635,never
Indiana,2013,12.034123469999999,62.727754170000004,54.842139280000005,1.0231067295918368,1.8807886403061223,2.0435088571428595,never
Iowa,2013,12.41721641,67.59559906,61.18031257,1.0635717117346932,1.85359303826531,2.0877268673469405,never
Kansas,2013,11.547378,58.99195574,58.147122370000005,1.0213877525510207,2.04503892857143,2.1433242397959176,never
Kentucky,2013,10.042966550000001,56.250282549999994,46.59095124,0.9684196071428575,1.9559621326530594,1.9394998698979595,never
Louisiana,2013,13.02504293,55.98216227,51.74741977,1.124063834183673,1.9493851938775486,2.0487980255102034,never
Maine,2013,12.35917798,64.10993087,57.67609701000001,1.043656795918367,1.8071111301020395,2.043650655612245,before
Maryland,2013,13.3576386,64.85115083000001,62.67445592999999,1.1223116938775513,1.9488699107142866,2.0307922321428555,never
Massachusetts,2013,14.491709799999999,70.31819385,69.35276484,1.1553269821428576,1.8601694438775531,1.8298392576530624,before
Michigan,2013,12.88826962,63.45525714,58.244042979999996,0.6111026607142857,0.957252831632652,1.0456009566326518,never
Minnesota,2013,11.90463638,64.68984349,63.58762547,1.0628455790816327,1.9509196505102062,1.9579497831632662,never
Mississippi,2013,11.66706129,56.88044447,44.32885255,0.9987463826530607,1.9492748545918368,2.1202704872448983,never
Missouri,2013,12.39559828,60.73096351,54.977254529999996,1.0597777474489798,1.9145303137755083,1.9769347372448975,never
Montana,2013,13.23556996,67.10177671000001,63.79034413,1.1168802346938773,1.8334996479591854,2.0258321224489784,never
Nebraska,2013,11.32331585,63.33622036,60.80833148,1.0861955204081633,1.952457543367348,2.094180334183675,never
Nevada,2013,12.759315169999999,58.945516919999996,59.153408279999994,1.2375757857142857,2.0001729566326523,2.1306429464285697,before
New Hampshire,2013,14.75814409,73.22017823,69.62634374,1.1853162984693881,1.7151026556122484,1.812105673469389,never
New Jersey,2013,13.64057349,59.07285631,59.98170044,1.2084908954081632,2.0338215586734676,2.16592160969388,never
New Mexico,2013,11.90716837,56.425115739999995,54.20143674,1.0641863928571431,1.9697486377551041,2.163043260204083,never
New York,2013,14.354451630000002,63.62907951,59.83236831999999,0.7001398494897958,1.103100515306121,1.1615186836734677,never
North Carolina,2013,11.633316019999999,57.29096515,51.8807039,1.0422688979591836,2.0295166122448993,2.1153666122448986,never
North Dakota,2013,11.71809593,70.75865998,61.78919206,1.1002737525510202,1.865938091836737,2.012259548469389,never
Ohio,2013,11.952784190000001,62.85652238,57.51618629000001,0.6183229795918371,1.0018356454081654,1.0664767346938782,never
Oklahoma,2013,10.00239642,56.67425264,50.78929615,0.929331594387755,1.9531211530612216,2.098585885204083,never
Oregon,2013,12.70647573,61.95963198,62.31901074,1.1380957959183675,2.0082650714285735,1.9953743443877527,before
Pennsylvania,2013,13.08570821,64.41534647,59.81461974,0.6266414744897955,1.0013849362244909,1.053068772959183,never
Rhode Island,2013,14.26798841,69.37495652999999,62.48191958,1.2171327831632652,1.9580064030612245,2.006286201530613,never
South Carolina,2013,11.68599648,60.41351952,52.220116559999994,1.0586343188775504,1.9733175000000025,2.052893969387756,never
South Dakota,2013,10.517059450000001,64.36207042999999,61.070416009999995,1.0618620790816324,1.831297497448978,1.880131099489798,never
Tennessee,2013,9.89311271,47.998400600000004,40.515805560000004,0.964894211734694,1.8835208520408173,2.0194094923469383,never
Texas,2013,11.461732959999999,55.743095350000004,50.14351104,0.6231776658163263,1.0067182882653074,1.0337618010204082,never
Utah,2013,7.81615735,34.464804529999995,34.65169435,1.0052267882653063,2.000424530612245,2.0841281173469386,never
Vermont,2013,14.82516351,69.2714995,61.68308992,1.3538226785714285,1.872274344387755,1.96163281887755,never
Virginia,2013,11.9631638,63.944614980000004,58.755872919999995,1.0248578086734694,2.004275923469388,2.026583216836734,never
Washington,2013,11.5968358,60.67787507,57.435059030000005,0.9680336275510196,1.9247408265306112,1.9107535663265311,after
West Virginia,2013,11.136843690000001,52.261340680000004,38.83262158,1.0409078188775513,1.975555308673471,1.897387826530612,never
Wisconsin,2013,15.118329,68.99136646000001,65.93557695999999,1.2542375714285723,1.765803762755104,2.0706389362244884,never
Wyoming,2013,12.30711178,63.69274230999999,58.38015987,1.3626820280612248,2.062766102040816,1.9974731147959157,never
Alabama,2014,10.53,51.36,47.74,1.025510204081633,1.9693877551020407,2.000000000000001,never
Alaska,2014,9.22,59.65,59.05,1.3188775510204085,2.0892857142857135,1.8724489795918375,after
Arizona,2014,11.9,58.02,55.87,1.1122448979591835,1.9770408163265307,1.948979591836735,never
Arkansas,2014,9.9,55.03,44.4,1.0204081632653061,1.956632653061225,1.8137755102040816,never
California,2014,12.01,57.67,54.28,0.670918367346939,1.0714285714285703,0.9183673469387759,before
Colorado,2014,14.25,67.46,66.24,1.4005102040816322,1.801020408163266,1.7602040816326527,after
Connecticut,2014,12.77,65.58,64.68,1.3954081632653064,2.119897959183674,1.8698979591836749,never
Delaware,2014,10.61,63.46,60.58,1.0306122448979593,1.9311224489795902,1.887755102040816,never
Florida,2014,12.26,58.29,56.71,0.6989795918367343,1.091836734693876,1.0331632653061218,never
Georgia,2014,10.6,53.79,52.8,0.9872448979591835,1.7959183673469385,1.8673469387755104,never
Hawaii,2014,11.2,59.13,52.2,1.1224489795918369,2.181122448979593,1.913265306122449,never
Idaho,2014,10.79,50.04,51.8,1.0714285714285716,1.964285714285715,1.869897959183673,never
Illinois,2014,10.98,61.47,60.12,0.6964285714285715,1.211734693877551,1.0408163265306118,never
Indiana,2014,11.44,61.73,54.34,1.056122448979592,1.8622448979591848,1.931122448979592,never
Iowa,2014,10.81,68.29,59.52,1.1352040816326534,1.8316326530612226,1.8724489795918375,never
Kansas,2014,11.18,61.27,58.07,1.0306122448979589,1.9081632653061218,1.8469387755102047,never
Kentucky,2014,9.02,55.07,44.42,0.971938775510204,2.06887755102041,1.8750000000000004,never
Louisiana,2014,12.35,55.97,52.57,1.1505102040816326,2.025510204081632,1.8750000000000004,never
Maine,2014,11.86,66.39,62.82,1.1556122448979596,1.8367346938775517,1.8316326530612264,before
Maryland,2014,12.54,63.41,62.51,1.112244897959184,2.051020408163267,1.8418367346938773,never
Massachusetts,2014,13.3,70.15,66.05,1.2142857142857142,1.8239795918367325,1.7755102040816328,before
Michigan,2014,11.56,63.02,58.37,0.7244897959183674,1.1709183673469397,1.0433673469387745,never
Minnesota,2014,10.67,64.72,63.6,1.0331632653061222,1.9285714285714273,1.8494897959183692,never
Mississippi,2014,9.81,52.67,44.46,0.9744897959183675,2.015306122448979,1.9158163265306136,never
Missouri,2014,10.91,60.04,54.13,1.0408163265306123,1.923469387755102,1.9158163265306118,never
Montana,2014,11.19,65.01,62.51,1.0969387755102038,1.7882653061224503,1.964285714285715,never
Nebraska,2014,10.53,64.7,61.82,1.073979591836735,1.9872448979591835,1.8061224489795933,never
Nevada,2014,13.59,58.31,59.05,1.27295918367347,2.086734693877551,1.9005102040816315,before
New Hampshire,2014,14.63,70.97,68.82,1.209183673469388,1.8290816326530617,1.7882653061224503,never
New Jersey,2014,14.31,60.74,61.45,1.1836734693877553,1.841836734693879,1.7525510204081627,never
New Mexico,2014,9.71,55.85,52.18,0.9948979591836736,1.9693877551020407,2.0229591836734695,never
New York,2014,12.86,61.14,60.04,0.7423469387755103,1.2244897959183667,1.0229591836734688,never
North Carolina,2014,10.17,55.22,50.15,0.9413265306122448,1.7984693877551015,1.8137755102040816,never
North Dakota,2014,10.92,70,61.67,1.1326530612244896,1.818877551020407,1.7474489795918389,never
Ohio,2014,11.01,61.96,57.71,0.6760204081632654,1.2270408163265312,1.0714285714285703,never
Oklahoma,2014,10.89,59.13,51.96,1.0535714285714288,1.9362244897959175,1.946428571428572,never
Oregon,2014,12.92,62.92,61.12,1.0969387755102042,1.8801020408163278,1.8979591836734688,after
Pennsylvania,2014,12.87,64.42,60.84,0.7576530612244895,1.165816326530614,1.089285714285715,never
Rhode Island,2014,13.21,65.3,61.28,1.2729591836734695,2.0637755102040827,1.8647959183673475,never
South Carolina,2014,9.63,58.52,50.77,0.9464285714285716,2.0076530612244894,1.7857142857142858,never
South Dakota,2014,9.29,64.39,59.3,0.9897959183673469,1.8724489795918358,1.84438775510204,never
Tennessee,2014,9.35,52.99,45.34,0.9081632653061223,2.1887755102040813,1.8903061224489806,never
Texas,2014,10.81,56.11,50.88,0.6505102040816328,1.1020408163265307,1.0076530612244905,never
Utah,2014,6.76,36.61,35.21,0.9438775510204083,2.104591836734694,1.9311224489795928,never
Vermont,2014,13.76,71.5,64.35,1.3392857142857149,1.8520408163265283,1.8571428571428592,never
Virginia,2014,11.2,62.04,56.05,0.9540816326530613,1.8290816326530617,1.7831632653061211,never
Washington,2014,10.44,59.03,57.87,0.9872448979591835,1.9540816326530621,1.7882653061224503,after
West Virginia,2014,9.67,53,39.37,0.9770408163265306,2.137755102040817,1.747448979591837,never
Wisconsin,2014,14.02,68.82,67.41,1.2168367346938775,1.9336734693877546,1.7678571428571428,never
Wyoming,2014,10.6,63.55,59.37,1.4362244897959187,2.0739795918367334,1.9285714285714293,never
Alabama,2015,8.76347779,51.98771969,46.828928409999996,0.9119667704081634,2.0028260739795893,1.6927924489795907,never
Alaska,2015,11.03594603,62.56803848,59.44979144,1.5150626989795917,2.1043147346938795,1.6253137525510215,after
Arizona,2015,10.44897997,56.37830335,55.469253110000004,1.0726408137755103,2.0616770025510216,1.6941832219387756,never
Arkansas,2015,9.34274683,51.59517975,44.20066671,0.9413239081632653,2.047854247448979,1.737688436224489,never
California,2015,10.92460016,56.84516783,55.57634362,0.6874850306122449,1.1102442474489813,0.8260821173469366,before
Colorado,2015,12.547090229999998,67.56454966,63.38765031,1.2376486607142854,1.845894295918367,1.7223890051020403,after
Connecticut,2015,13.60637847,67.1775857,64.7577995,1.394451647959184,2.0986022397959188,1.7609473443877581,never
Delaware,2015,10.3613583,62.37488722,57.29099644,1.0053329107142852,1.9581195408163272,1.7232107959183676,never
Florida,2015,10.72352102,58.854067060000006,58.75732816,0.6871310204081632,1.1778391198979608,1.0069790127551022,never
Georgia,2015,8.93367443,55.05905815,53.14724573,0.7990408979591835,1.5832375586734688,1.365987201530612,never
Hawaii,2015,10.55421272,55.51861066,49.04478493,1.1567630790816326,2.1619761352040827,1.7366403928571454,never
Idaho,2015,10.24927192,47.504002,48.92595954,1.0969905765306125,1.9873863265306118,1.7265355204081636,never
Illinois,2015,9.881787059999999,60.53118387999999,58.660108990000005,0.7407183163265304,1.328664767857142,1.0817904642857141,never
Indiana,2015,10.057036440000001,59.71218708,54.012861830000006,1.0250862219387753,1.9607289566326525,1.7292196377551028,never
Iowa,2015,10.162111320000001,66.44414729,59.728556639999994,1.105875522959184,1.9451223596938767,1.7479496045918337,never
Kansas,2015,10.45059515,59.32992780000001,56.87704123,1.037116507653061,1.9769392882653072,1.722900806122449,never
Kentucky,2015,8.244546849999999,50.6878229,45.389568139999994,0.9184471250000001,2.0589737168367357,1.7781736428571437,never
Louisiana,2015,10.74791842,57.92680165,53.571049179999996,1.0542980663265302,1.9408189056122436,1.7430175561224481,never
Maine,2015,12.47490482,66.34170469,64.38698408,1.1949462551020413,2.0370487040816325,1.7433471301020402,before
Maryland,2015,12.092664840000001,62.620182,63.07063665,1.167338267857143,2.0300580688775485,1.6534653341836736,never
Massachusetts,2015,12.21043053,69.14945833,60.88541289,1.2126673418367346,1.9162406122448947,1.6877662780612266,before
Michigan,2015,10.689146169999999,60.76777592,57.96093192,0.7811660561224494,1.290110099489796,1.1261475076530594,never
Minnesota,2015,10.70883884,65.64483038,64.22624847,1.0181695255102048,1.9533420535714283,1.633104770408167,never
Mississippi,2015,8.78023193,46.930373440000004,42.221519289999996,0.941117344387755,2.0817375943877527,1.7990932780612252,never
Missouri,2015,9.82571503,59.319639790000004,54.2651177,0.9842601734693879,1.9720159897959186,1.7854207091836718,never
Montana,2015,9.89997678,61.558091309999995,62.62406213,1.047617130102041,1.9750574923469406,1.8119807091836724,never
Nebraska,2015,8.882145869999999,62.81516823,62.679005509999996,1.003235920918367,2.0793862091836752,1.7346589770408154,never
Nevada,2015,13.667021949999999,56.8110789,56.8477956,1.3717401301020407,2.1240291581632627,1.8269198188775524,before
New Hampshire,2015,13.121118840000001,68.91849016,68.26871132,1.170748433673469,1.902359683673469,1.6522208163265313,never
New Jersey,2015,13.87596442,63.691351929999996,60.63409072,1.1540519158163272,1.647857821428572,1.4633867755102028,never
New Mexico,2015,9.395378829999999,55.79091599,50.25146461,0.9948901122448978,2.1025537780612256,1.7790562015306117,never
New York,2015,12.57223749,61.50909451,58.00512548,0.8087634387755104,1.2131560255102036,0.9866220102040828,never
North Carolina,2015,8.188687960000001,55.770194169999996,48.74793209,0.7832448979591836,1.7156173979591844,1.435526829081633,never
North Dakota,2015,11.84771593,70.20114127,61.508589459999996,1.2644601301020404,1.8480250790816344,1.6502150739795955,never
Ohio,2015,10.326772369999999,61.18219185,56.28076196000001,0.7350736198979587,1.3943498341836755,1.0774912295918353,never
Oklahoma,2015,10.22310432,57.679446899999995,48.575491570000004,1.074105255102041,2.087638367346937,1.8236434872448972,never
Oregon,2015,11.68213689,63.02032649,63.31470911,1.097235770408163,1.9521120867346966,1.6698701122448976,after
Pennsylvania,2015,11.34102295,63.94666557000001,60.32436081,0.8104892321428573,1.3783000178571436,1.1429792653061226,never
Rhode Island,2015,13.232464369999999,65.21658299,63.25356442,1.3413406734693878,2.08431941836735,1.7762854107142858,never
South Carolina,2015,8.874970320000001,58.59193564,48.44445597,0.9020860076530614,2.0631288214285735,1.7103834311224506,never
South Dakota,2015,10.38498931,67.10394517,62.29733441999999,1.082327280612245,1.8973842168367332,1.6963180688775485,never
Tennessee,2015,8.1679631,51.08002402,46.37117485,0.8985578750000002,2.071527357142857,1.7804984897959184,never
Texas,2015,9.960666810000001,54.86386416,52.034068870000006,0.6519562346938775,1.2202968469387785,0.9431386403061247,never
Utah,2015,5.44137513,34.76552106,35.040397659999996,0.8723026096938776,2.1239226530612254,1.6174257321428576,never
Vermont,2015,13.156013620000001,70.64810495,63.80303367,1.2651462780612248,2.0683355484693844,1.819256974489796,never
Virginia,2015,10.65095502,60.660835219999996,55.058166379999996,0.9209287397959182,1.728234693877552,1.3564252142857138,never
Washington,2015,10.65480491,58.44530849,62.38921545,1.0775758137755107,2.0266055739795905,1.7477101250000013,after
West Virginia,2015,9.97246483,56.055857689999996,42.286392049999996,1.0636714744897962,2.134995201530614,1.8403849081632637,never
Wisconsin,2015,11.250913899999999,66.26461195,65.18949968,1.0947591811224489,1.963959344387756,1.7081036326530625,never
Wyoming,2015,10.72474027,62.14941211,58.1483787,1.601878727040817,2.2855036071428576,1.8614061096938763,never
Alabama,2016,0.007547642412405482,0.6812581902658914,0.29077101174542336,0.018053310767530265,0.21127926242783213,0.11225878840877833,never
Alaska,2016,0.08974033753766264,1.3260013748256674,0.7258144884565738,0.07040815273505956,0.3940866154728695,0.2533247860268851,after
Arizona,2016,0.029784669686456284,0.8808619609105194,0.43223104657319056,0.01942097687797357,0.2643467636187622,0.15234791644876605,never
Arkansas,2016,0.050027102575901,0.4511364115713073,0.17720297964533863,0.025146474148896633,0.18449488872122857,0.08594957804838438,never
California,2016,0.041541516207365604,0.4274856914816303,0.2279046063892315,0.03075933746661642,0.10245247128473296,0.061351059157500304,after
Colorado,2016,0.025835735869703766,0.6632810628462988,0.3359756040493035,0.01790274437102627,0.21185541871757985,0.13012509573092404,after
Connecticut,2016,0.07282452055337417,1.2138643641949338,0.700649712718662,0.0335815883028422,0.3486162995086219,0.22648142187719522,never
Delaware,2016,0.08854445732341756,1.4902576550997904,0.6776157648613471,0.050332228826439,0.41338056186123123,0.2278883205437511,never
Florida,2016,0.2234103133031943,0.5810825485539595,0.1902981684793077,0.1050194694379751,0.13732079646889256,0.055178727367281244,never
Georgia,2016,0.02663180115115258,0.3456005506280008,0.1540673114996395,0.018249558090309054,0.1294054986031075,0.0696839605477298,never
Hawaii,2016,0.009264209077891784,0.7167643063198331,0.1966815547733115,0.016491953458537125,0.29177062311279306,0.08691004495081288,never
Idaho,2016,0.08920494056830328,0.6386642945647979,0.3062035381898658,0.03474162066852497,0.1943841944700578,0.11836179221426614,never
Illinois,2016,0.04294087704929424,0.48616556730149646,0.23962767716292985,0.020325639779670383,0.13350759550202923,0.07830113576964418,never
Indiana,2016,0.07278739708429895,0.8594023936097799,0.3997208734607448,0.027944716663992727,0.24883394832040048,0.14096094742387397,never
Iowa,2016,0.06084371106172847,0.5133849503190859,0.15634883873406835,0.03024682266062791,0.21881652981236427,0.08104608459408612,never
Kansas,2016,0.07746031825749503,0.5485660276437705,0.240773945653009,0.033657707821536494,0.19867601038764876,0.09951426177392374,never
Kentucky,2016,0.0443335756819536,0.8634060107824224,0.4537360394035671,0.02250647136824053,0.2529544214236436,0.15691535354940245,never
Louisiana,2016,0.058433015382595134,0.39073936185011415,0.2049464657967784,0.027423794135085295,0.15400447887884874,0.10060819458668525,never
Maine,2016,0.020809832458373558,1.145307375563355,0.4323641633957289,0.017784463547591195,0.32766317083010327,0.14867456953663213,after
Maryland,2016,0.10715699141434691,0.86000369274769894,0.5350045120615624,0.04715546155856118,0.26817961717162686,0.1739033383439845,never
Massachusetts,2016,0.025283537235950105,0.6564929063592573,0.3494117585358361,0.019499385891601467,0.21313755258662212,0.13382038365446491,after
Michigan,2016,0.0940736351855553,0.6334336258758874,0.3385397738331207,0.03763922307036682,0.15761175155272505,0.09392941788637879,never
Minnesota,2016,0.03306845821392856,0.7180842176908698,0.25169599317289304,0.021027622973013266,0.23051190291005394,0.10051300082826962,never
Mississippi,2016,0.0052378289640289104,0.42957711531992393,0.2078194125760528,0.020100430368308744,0.15993962678541762,0.09219964530285867,never
Missouri,2016,0.047219748220324355,0.6840695973699266,0.30268476727224525,0.020926476832806067,0.2150520544825054,0.11456224119068653,never
Montana,2016,0.09863245143823904,0.7770189504957363,0.2716850114304283,0.045680462557204406,0.25754169438616237,0.11199136046023017,never
Nebraska,2016,0.12022890060295702,0.48920278930966254,0.21724525975101291,0.051133478457307285,0.1952946029878785,0.1021706110834901,never
Nevada,2016,0.04999971997948914,0.7383880434287099,0.30329216185849,0.02605151084738102,0.2519540684835245,0.12272190346047548,after
New Hampshire,2016,0.1393157465774351,1.8997532322551896,0.785738058696501,0.07277456496060215,0.48384259711751304,0.22472977271190012,never
New Jersey,2016,0.08976927818092115,0.9187812005843603,0.49616265009336785,0.03825413541984531,0.24153512690400641,0.15616527137330802,never
New Mexico,2016,0.16646283301038634,0.8217664717140329,0.32250244586784166,0.10051632869614298,0.2721674868701384,0.13298769676816305,never
New York,2016,0.0842013591599087,0.6316296714141308,0.4150333679396035,0.02851890646994545,0.13866638480168625,0.10124893241951527,never
North Carolina,2016,0.035297387311514154,0.705714300033792,0.31504705654482196,0.021948295972650415,0.18904276146221805,0.09852091461297036,never
North Dakota,2016,0.11973837491160723,0.6227642127436523,0.27168574206425433,0.055370519558528807,0.2326884343340996,0.11137423614656097,never
Ohio,2016,0.11397827194282968,0.7782160298610505,0.3844711937633617,0.04251734060549185,0.16320314369127553,0.09794941701876052,never
Oklahoma,2016,0.05737724103917828,0.6633955451686634,0.27670046168824297,0.026176122994161725,0.21977816883319737,0.11406039838987363,never
Oregon,2016,0.09492660929578979,0.9201936381748207,0.43716801068160466,0.04107706953830947,0.26112574255147336,0.1438674542902945,after
Pennsylvania,2016,0.11030388427912949,0.8373008354295642,0.4104164080495149,0.035158798967747575,0.18938674150811163,0.10473376420552778,never
Rhode Island,2016,0.09384489447107586,0.7395497704644196,0.42349365552992196,0.03832417469241151,0.24556674428226039,0.16853715141587114,never
South Carolina,2016,0.07083469892873154,0.535938877240069,0.21178075850398853,0.03041860358032236,0.19301012092067085,0.09014811834033275,never
South Dakota,2016,0.10219505663660897,0.8108453870661461,0.31484314762097243,0.04278525529050507,0.2674974929138781,0.12214949673438344,never
Tennessee,2016,0.04826553917188231,0.5854617060188112,0.23027180051462745,0.02605950686341934,0.19479597289100703,0.09635644907007566,never
Texas,2016,0.04135457853164489,0.43663613252397016,0.1856145197202814,0.019439169745465713,0.11099609814793737,0.05870421174990267,never
Utah,2016,0.0576947584647396,0.4915581700669848,0.30793516774137214,0.0266441884654621,0.17683976581991787,0.12154679474231586,never
Vermont,2016,0.14531296367239893,1.1905789529824997,0.4861792124206456,0.06430371451547742,0.36002893765319394,0.17067120139317302,never
Virginia,2016,0.013548299956909874,0.7606182743163518,0.35466996212514956,0.017869116894228675,0.2128698533453465,0.1150731665204501,never
Washington,2016,0.08191481914156361,0.8079346205491899,0.4435089063528932,0.033439868646285675,0.24427921909070088,0.15932913551415404,after
West Virginia,2016,0.02422505037127436,1.2655270569599555,0.5203148301059708,0.01944970176306344,0.34209359506892795,0.1692153959767214,never
Wisconsin,2016,0.1431175862896352,0.6555576385148778,0.2628424324877487,0.052634761836566256,0.21876777698391695,0.10232361692171671,never
Wyoming,2016,0.09499185287615829,0.7644090333000538,0.2851297668817384,0.04230933135305675,0.25485726343386556,0.11600972052463654,never
Alabama,2017,0.020500918198883094,0.5808329834695461,0.288483042957211,0.024402788198365034,0.2367876469573813,0.11138947437355409,never
Alaska,2017,0.10274214029363593,0.9110364198608442,0.41079617498719817,0.08233711064887575,0.3308707700360463,0.15856421326657377,after
Arizona,2017,0.046098971158075056,0.7675351124273174,0.31594758903706277,0.030633369868991834,0.2786500702936556,0.1184810244085043,never
Arkansas,2017,0.04937269435286384,0.48700425868432873,0.23013906085379088,0.030306212553563146,0.2184602076766858,0.09961509191300238,never
California,2017,0.050736840154022536,0.29662639318982253,0.18220821361256534,0.03863164071342987,0.09957384070400123,0.056202446267401854,after
Colorado,2017,0.04060449630106707,0.5354730977826664,0.26177854951125235,0.02923486488411425,0.23069336343796024,0.11411184650536273,after
Connecticut,2017,0.0582829080637305,1.3121158304617444,0.678833686599706,0.03519481712204446,0.4201507885830442,0.209389949098537,never
Delaware,2017,0.06448065513025765,1.5622011923034185,0.8206881520713253,0.045669593086793664,0.5115094879387149,0.25694531506631846,never
Florida,2017,0.1408127541882262,0.6335114642367746,0.2572399598326309,0.08926518143754918,0.15977679264507172,0.0653558195433009,never
Georgia,2017,0.024324102867212732,0.3657462917868842,0.18783761645791222,0.0211729582451253,0.14969309569921502,0.0745898713791666,never
Hawaii,2017,0.051280814766390174,0.5577931777837675,0.22076033276552548,0.05008416988326995,0.2569867024099011,0.09697027930304691,never
Idaho,2017,0.06204308849889137,0.5834216748875197,0.32051818036662155,0.03173404751984454,0.23468282207203975,0.11865288787733115,never
Illinois,2017,0.03683003189414329,0.45459695019800195,0.24585315767519308,0.02265173391032835,0.14928878283203229,0.07613232849439715,never
Indiana,2017,0.06577721562824469,1.2644112525224789,0.5998351266045719,0.03461767852966072,0.4148569792143793,0.17852758972910085,never
Iowa,2017,0.04756744928623925,0.48415555443534225,0.20055161269528282,0.030397618848179403,0.214374183210116,0.08819146450788654,never
Kansas,2017,0.055265658711608275,0.5232093499657342,0.2851111386975015,0.030876153831371333,0.2335435843199456,0.11502199570074757,never
Kentucky,2017,0.052274824980917886,0.6744177631835047,0.36306835304139246,0.029907226001944297,0.2515534263369738,0.13287546272226902,never
Louisiana,2017,0.038067070660576234,0.40080436815174625,0.21105659498944374,0.025571632727284854,0.18790030538371738,0.09578948240054791,never
Maine,2017,0.04843593869853641,1.243445945847569,0.4525346440611818,0.03135031364432945,0.3815528269816773,0.14316723409547139,after
Maryland,2017,0.0500061744664211,1.0286505550088765,0.5159178744277356,0.0305461949545408,0.3589692701914568,0.1585721159449387,never
Massachusetts,2017,0.034659642915576,0.6227642366369759,0.4282511929309569,0.028850566466095764,0.2592870870687108,0.15789935944278916,after
Michigan,2017,0.05658817948979085,0.5199991183408227,0.30170216394036115,0.029989827159718287,0.17042419431367328,0.08759710358167988,never
Minnesota,2017,0.029308057707415337,0.512808742244836,0.20891362246151668,0.024529055237565017,0.22538436985927746,0.08667422403045505,never
Mississippi,2017,0.013015915049411004,0.4224299097735638,0.19899316650923735,0.021511149774248534,0.18927715377706783,0.08706484168609355,never
Missouri,2017,0.04456834975734798,0.5432834651992053,0.2867319227527479,0.026196008849435216,0.23631956244314878,0.10650962381476717,never
Montana,2017,0.08037398102363501,0.7128763556540583,0.30030630721540047,0.04544080243296016,0.26970026857776974,0.1145596478552991,never
Nebraska,2017,0.0651281257987394,0.3992907116146433,0.2111720907014194,0.04392741898574257,0.1945502484104851,0.10099682354860856,never
Nevada,2017,0.08690538659304053,1.1600579897813097,0.4455252090791448,0.05828616591619903,0.4225388220351448,0.16251173372314612,after
New Hampshire,2017,0.09057415964969186,1.4298738378915938,0.6206697235646784,0.048769917331005344,0.42825501107123254,0.1866072948937456,never
New Jersey,2017,0.049969368649177386,0.8216263664078957,0.4382226211655861,0.026581356723759546,0.2647091918012498,0.1312552815500191,never
New Mexico,2017,0.09885227579931012,0.8123310208376904,0.2949221357888684,0.05430913231303694,0.30275459696778617,0.11072323318863367,never
New York,2017,0.03754244276787201,0.45823898788038897,0.2989490986940982,0.02296096529579742,0.1434407771497554,0.08675670250480542,never
North Carolina,2017,0.04046832701900399,0.9620563432133293,0.41804651132159865,0.029748555149787245,0.29791693800994545,0.12022713101355208,never
North Dakota,2017,0.06598094510401349,0.8568843961480194,0.42070928973006355,0.03400217358130479,0.3061175545319515,0.14637551428464948,never
Ohio,2017,0.06671640684432309,0.8290940898673844,0.4359612572738166,0.031412224096589114,0.21194917387868153,0.10366873560770243,never
Oklahoma,2017,0.06715292570743783,0.9869236923170769,0.37974537304633754,0.037907471733625464,0.373546093734377,0.1412261409156085,never
Oregon,2017,0.07043935282396611,0.6094388779563648,0.3635508999181339,0.03720645628814262,0.23905824940197457,0.1400469196923084,after
Pennsylvania,2017,0.07831482058637669,1.0399754113868047,0.5654945783652988,0.03761582353403062,0.2414288256128559,0.12628927393766182,never
Rhode Island,2017,0.06185415937548308,0.6910705710719393,0.42673027928897284,0.03211645509728984,0.2730354211446786,0.15780470082200201,never
South Carolina,2017,0.03571056960762185,0.39924555400471706,0.17144076423717863,0.02613120515401178,0.18858409990308433,0.07867831604497806,never
South Dakota,2017,0.060449937324310275,0.5102061830085144,0.23463705297939777,0.03761738314128349,0.21973459361408604,0.09829142895695098,never
Tennessee,2017,0.0472049706260638,0.6577153782451164,0.32423429450256824,0.029479869063729014,0.2624169564477001,0.11398669865447873,never
Texas,2017,0.04443489993247014,0.66548163200274435,0.2680519377122591,0.025761602512090184,0.18089681768108815,0.07722730787745634,never
Utah,2017,0.0425326722662624,0.5845172929447536,0.37609706214823446,0.025477145806841767,0.24547560424457845,0.13319388552453093,never
Vermont,2017,0.0786214920675462,1.0458985216349328,0.420494438904495,0.04134570986831007,0.3807179130687516,0.1476023548963361,never
Virginia,2017,0.022703835843856924,0.7198810462672632,0.34099053434350973,0.02506532881126599,0.2300152100040598,0.10725890343052462,never
Washington,2017,0.06592244312236036,0.720038407640119,0.4188282547704346,0.03148847825191808,0.2690456424630801,0.149602370162852,after
West Virginia,2017,0.04882938007320566,1.4455870658201315,0.6435345678625606,0.04022430955244725,0.4305660031884043,0.186610238114999,never
Wisconsin,2017,0.061493445858150864,0.6884374287098409,0.3535741606579944,0.03114556266177154,0.269962613579283,0.12977550406442162,never
Wyoming,2017,0.07552286471888904,0.6248416874615044,0.29025598758943866,0.04081997324866641,0.2593970073083986,0.11641049793709475,never
